1,100,100,0.0287,34.8433
1,100,200,0.0573918,34.8482
1,100,300,0.0860533,34.8621
1,100,400,0.114739,34.8617
1,100,500,0.143589,34.8216
1,100,600,0.172123,34.8588
1,100,700,0.20095,34.8345
1,100,800,0.229484,34.8608
1,100,900,0.258186,34.8586
1,100,1000,0.286996,34.8437
1,200,100,0.114366,34.9754
1,200,200,0.229022,34.9311
1,200,300,0.343057,34.9796
1,200,400,0.457461,34.9756
1,200,500,0.572102,34.9588
1,200,600,0.686207,34.9749
1,200,700,0.800678,34.9703
1,200,800,0.914973,34.9737
1,200,900,1.02963,34.964
1,200,1000,1.14396,34.9663
1,300,100,0.256971,35.0234
1,300,200,0.514215,35.0048
1,300,300,0.771169,35.0118
1,300,400,1.02887,34.99
1,300,500,1.28436,35.0369
1,300,600,1.54194,35.0209
1,300,700,1.79971,35.0056
1,300,800,2.05669,35.0077
1,300,900,2.31363,35.0099
1,300,1000,2.57084,35.0081
1,400,100,0.455727,35.1087
1,400,200,0.911545,35.1052
1,400,300,1.36701,35.1131
1,400,400,1.82305,35.106
1,400,500,2.27878,35.1066
1,400,600,2.74213,35.0092
1,400,700,3.19397,35.0661
1,400,800,3.64611,35.1059
1,400,900,4.10177,35.1068
1,400,1000,4.55705,35.1104
1,500,100,0.712025,35.1111
1,500,200,1.42365,35.1211
1,500,300,2.13587,35.1146
1,500,400,2.84748,35.1187
1,500,500,3.55986,35.1138
1,500,600,4.27137,35.1175
1,500,700,4.98347,35.1161
1,500,800,5.69546,35.1157
1,500,900,6.40717,35.1169
1,500,1000,7.12045,35.1101
1,600,100,1.02554,35.1033
1,600,200,2.05079,35.1084
1,600,300,3.07591,35.1115
1,600,400,4.10093,35.114
1,600,500,5.12667,35.1105
1,600,600,6.16525,35.0351
1,600,700,7.18745,35.0611
1,600,800,8.21446,35.0601
1,600,900,9.24154,35.0591
1,600,1000,10.2621,35.0804
1,700,100,1.39746,35.0637
1,700,200,2.79188,35.1018
1,700,300,4.18547,35.1215
1,700,400,5.57949,35.1287
1,700,500,6.97586,35.1211
1,700,600,8.3744,35.107
1,700,700,9.76457,35.127
1,700,800,11.1609,35.1225
1,700,900,12.5628,35.1037
1,700,1000,13.9561,35.1101
1,800,100,1.8249,35.0704
1,800,200,3.65116,35.0574
1,800,300,5.47633,35.06
1,800,400,7.29028,35.1153
1,800,500,9.1108,35.1231
1,800,600,10.9506,35.0666
1,800,700,12.8246,34.933
1,800,800,14.5831,35.1091
1,800,900,16.4013,35.1192
1,800,1000,18.221,35.1243
1,900,100,2.30592,35.127
1,900,200,4.61198,35.1259
1,900,300,6.91833,35.1241
1,900,400,9.22928,35.1057
1,900,500,11.5349,35.1107
1,900,600,13.8402,35.115
1,900,700,16.1469,35.1151
1,900,800,18.4631,35.0971
1,900,900,20.7801,35.0816
1,900,1000,23.0683,35.1131
1,1000,100,2.84645,35.1314
1,1000,200,5.69251,35.1339
1,1000,300,8.53902,35.1328
1,1000,400,11.4173,35.0346
1,1000,500,14.2413,35.109
1,1000,600,17.0898,35.1087
1,1000,700,19.9603,35.0697
1,1000,800,22.7918,35.1003
1,1000,900,25.6254,35.1214
1,1000,1000,28.4683,35.1268
2,100,100,0.0176319,56.7153
2,100,200,0.0352571,56.7261
2,100,300,0.0534613,56.1154
2,100,400,0.0706983,56.5784
2,100,500,0.0875959,57.0803
2,100,600,0.106775,56.193
2,100,700,0.123256,56.7924
2,100,800,0.14213,56.2865
2,100,900,0.159936,56.2725
2,100,1000,0.177153,56.4483
2,200,100,0.0687584,58.1747
2,200,200,0.116815,68.4841
2,200,300,0.176457,68.0054
2,200,400,0.234112,68.3432
2,200,500,0.292113,68.4666
2,200,600,0.351764,68.2276
2,200,700,0.408964,68.4658
2,200,800,0.47001,68.0837
2,200,900,0.527037,68.3065
2,200,1000,0.585016,68.3742
2,300,100,0.130721,68.8487
2,300,200,0.260765,69.0276
2,300,300,0.392482,68.793
2,300,400,0.523449,68.7746
2,300,500,0.654518,68.7529
2,300,600,0.784044,68.8736
2,300,700,0.914504,68.8898
2,300,800,1.04582,68.8458
2,300,900,1.17647,68.8501
2,300,1000,1.30723,68.8476
2,400,100,0.231552,69.099
2,400,200,0.462633,69.1693
2,400,300,0.695526,69.0125
2,400,400,0.926138,69.1042
2,400,500,1.15551,69.2334
2,400,600,1.38645,69.2413
2,400,700,1.61753,69.2412
2,400,800,1.92629,66.4488
2,400,900,2.08421,69.0911
2,400,1000,2.31643,69.0718
2,500,100,0.360236,69.3989
2,500,200,0.723382,69.1198
2,500,300,1.08199,69.3166
2,500,400,1.44035,69.4274
2,500,500,1.8007,69.4173
2,500,600,2.16387,69.3204
2,500,700,2.52465,69.3166
2,500,800,2.88494,69.3255
2,500,900,3.24587,69.3188
2,500,1000,3.60692,69.3112
2,600,100,0.518158,69.4769
2,600,200,1.03547,69.5337
2,600,300,1.55332,69.5284
2,600,400,2.07265,69.4762
2,600,500,2.5887,69.5329
2,600,600,3.10666,69.5281
2,600,700,3.62562,69.5053
2,600,800,4.14232,69.5262
2,600,900,4.66069,69.5176
2,600,1000,5.17807,69.524
2,700,100,0.736807,66.5032
2,700,200,1.4749,66.4453
2,700,300,2.16984,67.747
2,700,400,2.81245,69.6901
2,700,500,3.67433,66.6788
2,700,600,4.26145,68.9906
2,700,700,4.92379,69.6618
2,700,800,5.62739,69.6593
2,700,900,6.33142,69.6526
2,700,1000,7.04832,69.5201
2,800,100,0.917256,69.7733
2,800,200,1.83539,69.74
2,800,300,2.75289,69.745
2,800,400,3.66879,69.7778
2,800,500,4.58714,69.7603
2,800,600,5.50902,69.7039
2,800,700,6.43192,69.6526
2,800,800,7.43595,68.8547
2,800,900,8.25533,69.7731
2,800,1000,9.2252,69.3752
2,900,100,1.16021,69.8147
2,900,200,2.32035,69.817
2,900,300,3.48101,69.8072
2,900,400,4.64098,69.8128
2,900,500,5.80085,69.8174
2,900,600,6.96091,69.8184
2,900,700,8.12142,69.8154
2,900,800,9.28222,69.8109
2,900,900,10.4418,69.8155
2,900,1000,11.6027,69.8114
2,1000,100,1.43121,69.8711
2,1000,200,2.86254,69.8681
2,1000,300,4.29368,69.8701
2,1000,400,5.72539,69.8642
2,1000,500,7.15597,69.8717
2,1000,600,8.58726,69.8709
2,1000,700,10.0185,69.8711
2,1000,800,11.5866,69.0452
2,1000,900,12.8814,69.8679
2,1000,1000,14.306,69.901
3,100,100,0.0106574,93.8319
3,100,200,0.0214946,93.0466
3,100,300,0.0314758,95.3113
3,100,400,0.0417782,95.7438
3,100,500,0.0523445,95.521
3,100,600,0.0625776,95.8809
3,100,700,0.0728573,96.0782
3,100,800,0.0845512,94.6172
3,100,900,0.0937862,95.963
3,100,1000,0.105052,95.1911
3,200,100,0.0410392,97.4679
3,200,200,0.0817478,97.862
3,200,300,0.125497,95.6197
3,200,400,0.192108,83.2864
3,200,500,0.241747,82.731
3,200,600,0.293142,81.8717
3,200,700,0.342223,81.8181
3,200,800,0.390901,81.8622
3,200,900,0.440522,81.7212
3,200,1000,0.492224,81.2638
3,300,100,0.102084,88.1631
3,300,200,0.206485,87.1734
3,300,300,0.308073,87.6416
3,300,400,0.41047,87.7044
3,300,500,0.509078,88.3951
3,300,600,0.606034,89.1039
3,300,700,0.709133,88.8409
3,300,800,0.82152,87.6424
3,300,900,0.914133,88.6086
3,300,1000,0.963316,93.4273
3,400,100,0.160181,99.8867
3,400,200,0.320406,99.8733
3,400,300,0.481958,99.5937
3,400,400,0.641646,99.7435
3,400,500,0.79793,100.259
3,400,600,0.962989,99.6896
3,400,700,1.11481,100.465
3,400,800,1.26881,100.882
3,400,900,1.42736,100.886
3,400,1000,1.63568,97.8187
3,500,100,0.260364,96.0195
3,500,200,0.52296,95.6096
3,500,300,0.786811,95.3216
3,500,400,1.03056,97.0342
3,500,500,1.23892,100.894
3,500,600,1.48514,101.001
3,500,700,1.73051,101.126
3,500,800,1.97396,101.319
3,500,900,2.23042,100.878
3,500,1000,2.47625,100.959
3,600,100,0.351991,102.275
3,600,200,0.703603,102.33
3,600,300,1.05525,102.346
3,600,400,1.40742,102.315
3,600,500,1.76366,102.06
3,600,600,2.18716,98.758
3,600,700,2.59684,97.0409
3,600,800,2.95799,97.3635
3,600,900,3.31418,97.7618
3,600,1000,3.68695,97.6418
3,700,100,0.493124,99.3665
3,700,200,0.986822,99.3087
3,700,300,1.47927,99.3731
3,700,400,1.97222,99.3806
3,700,500,2.41099,101.618
3,700,600,2.8553,102.966
3,700,700,3.32424,103.182
3,700,800,3.7998,103.163
3,700,900,4.27203,103.23
3,700,1000,4.74547,103.256
3,800,100,0.61708,103.714
3,800,200,1.23552,103.601
3,800,300,1.85236,103.652
3,800,400,2.46975,103.654
3,800,500,3.08551,103.711
3,800,600,3.70303,103.699
3,800,700,4.32003,103.703
3,800,800,4.93867,103.672
3,800,900,5.55562,103.679
3,800,1000,6.1733,103.672
3,900,100,0.778135,104.095
3,900,200,1.55723,104.031
3,900,300,2.33585,104.031
3,900,400,3.11375,104.054
3,900,500,3.99278,101.433
3,900,600,4.77727,101.732
3,900,700,5.44687,104.097
3,900,800,6.22716,104.06
3,900,900,7.22113,100.954
3,900,1000,7.78118,104.097
3,1000,100,0.95975,104.194
3,1000,200,1.91963,104.187
3,1000,300,2.8788,104.21
3,1000,400,3.8387,104.202
3,1000,500,4.79819,104.206
3,1000,600,5.75744,104.213
3,1000,700,6.71871,104.187
3,1000,800,7.75159,103.205
3,1000,900,8.9009,101.113
3,1000,1000,9.89183,101.094
4,100,100,0.0109084,91.6725
4,100,200,0.020543,97.3566
4,100,300,0.0328233,91.3984
4,100,400,0.0430475,92.9207
4,100,500,0.0517063,96.7
4,100,600,0.0613747,97.7602
4,100,700,0.0731994,95.6292
4,100,800,0.0817062,97.9118
4,100,900,0.0934144,96.3449
4,100,1000,0.102863,97.2162
4,200,100,0.0375695,106.469
4,200,200,0.0772184,103.602
4,200,300,0.115521,103.877
4,200,400,0.153923,103.948
4,200,500,0.192433,103.932
4,200,600,0.230894,103.944
4,200,700,0.265152,105.6
4,200,800,0.307164,104.179
4,200,900,0.343558,104.786
4,200,1000,0.382406,104.601
4,300,100,0.0803814,111.966
4,300,200,0.158979,113.222
4,300,300,0.238496,113.209
4,300,400,0.300845,119.663
4,300,500,0.37954,118.564
4,300,600,0.478085,112.951
4,300,700,0.554081,113.702
4,300,800,0.63321,113.706
4,300,900,0.710827,113.952
4,300,1000,0.789847,113.946
4,400,100,0.131996,121.216
4,400,200,0.265095,120.711
4,400,300,0.401395,119.583
4,400,400,0.536398,119.314
4,400,500,0.66575,120.165
4,400,600,0.754675,127.207
4,400,700,0.902217,124.139
4,400,800,1.05397,121.445
4,400,900,1.20293,119.708
4,400,1000,1.33971,119.429
4,500,100,0.200484,124.698
4,500,200,0.400409,124.872
4,500,300,0.602897,124.399
4,500,400,0.801521,124.763
4,500,500,1.0025,124.688
4,500,600,1.20357,124.629
4,500,700,1.40465,124.586
4,500,800,1.60651,124.493
4,500,900,1.80616,124.574
4,500,1000,2.00598,124.627
4,600,100,0.281223,128.012
4,600,200,0.563114,127.86
4,600,300,0.843602,128.022
4,600,400,1.12488,128.014
4,600,500,1.40619,128.006
4,600,600,1.68678,128.055
4,600,700,1.96966,127.941
4,600,800,2.24987,128.007
4,600,900,2.53926,127.596
4,600,1000,2.8137,127.946
4,700,100,0.376568,130.123
4,700,200,0.752046,130.311
4,700,300,1.12319,130.877
4,700,400,1.44926,135.242
4,700,500,1.8099,135.366
4,700,600,2.17286,135.305
4,700,700,2.53182,135.475
4,700,800,2.89589,135.364
4,700,900,3.25651,135.421
4,700,1000,3.62432,135.198
4,800,100,0.46811,136.72
4,800,200,0.934361,136.992
4,800,300,1.40192,136.955
4,800,400,1.86914,136.961
4,800,500,2.33612,136.979
4,800,600,2.80522,136.888
4,800,700,3.27001,137.003
4,800,800,3.73721,137.001
4,800,900,4.20493,136.982
4,800,1000,4.67392,136.93
4,900,100,0.588452,137.649
4,900,200,1.17612,137.742
4,900,300,1.76461,137.707
4,900,400,2.353,137.697
4,900,500,2.94239,137.643
4,900,600,3.53204,137.598
4,900,700,4.13642,137.075
4,900,800,4.70864,137.619
4,900,900,5.29878,137.579
4,900,1000,5.89355,137.438
4,1000,100,0.727702,137.419
4,1000,200,1.45782,137.191
4,1000,300,2.17175,138.137
4,1000,400,2.89676,138.085
4,1000,500,3.62371,137.98
4,1000,600,4.34638,138.046
4,1000,700,5.06841,138.11
4,1000,800,5.79099,138.146
4,1000,900,6.51356,138.173
4,1000,1000,7.24695,137.989
5,100,100,0.0081251,123.075
5,100,200,0.0165186,121.076
5,100,300,0.0239355,125.337
5,100,400,0.0322128,124.174
5,100,500,0.0398238,125.553
5,100,600,0.0481502,124.61
5,100,700,0.0561957,124.565
5,100,800,0.0645804,123.877
5,100,900,0.0727839,123.654
5,100,1000,0.0798439,125.244
5,200,100,0.0308485,129.666
5,200,200,0.0624047,128.196
5,200,300,0.093547,128.278
5,200,400,0.123185,129.886
5,200,500,0.154634,129.338
5,200,600,0.185638,129.284
5,200,700,0.218741,128.005
5,200,800,0.247658,129.211
5,200,900,0.277858,129.563
5,200,1000,0.309116,129.401
5,300,100,0.0682045,131.956
5,300,200,0.136332,132.031
5,300,300,0.20492,131.758
5,300,400,0.272799,131.965
5,300,500,0.341281,131.856
5,300,600,0.409819,131.765
5,300,700,0.477602,131.909
5,300,800,0.545641,131.955
5,300,900,0.613473,132.035
5,300,1000,0.682395,131.888
5,400,100,0.12105,132.177
5,400,200,0.239339,133.702
5,400,300,0.359297,133.594
5,400,400,0.478975,133.619
5,400,500,0.599099,133.534
5,400,600,0.718386,133.633
5,400,700,0.839036,133.486
5,400,800,0.957445,133.689
5,400,900,1.0785,133.519
5,400,1000,1.19751,133.61
5,500,100,0.184865,135.234
5,500,200,0.369032,135.489
5,500,300,0.554256,135.317
5,500,400,0.739333,135.257
5,500,500,0.923414,135.367
5,500,600,1.10839,135.331
5,500,700,1.29186,135.464
5,500,800,1.47789,135.328
5,500,900,1.66251,135.337
5,500,1000,1.84866,135.233
5,600,100,0.263058,136.852
5,600,200,0.526508,136.75
5,600,300,0.789088,136.867
5,600,400,1.05311,136.738
5,600,500,1.3143,136.955
5,600,600,1.5738,137.247
5,600,700,1.83611,137.247
5,600,800,2.10073,137.095
5,600,900,2.36305,137.111
5,600,1000,2.62319,137.238
5,700,100,0.355788,137.723
5,700,200,0.711742,137.69
5,700,300,1.06755,137.699
5,700,400,1.42343,137.696
5,700,500,1.779,137.718
5,700,600,2.13546,137.676
5,700,700,2.49094,137.699
5,700,800,2.84814,137.634
5,700,900,3.20257,137.702
5,700,1000,3.55798,137.719
5,800,100,0.462483,138.383
5,800,200,0.924987,138.38
5,800,300,1.38687,138.441
5,800,400,1.84745,138.569
5,800,500,2.3095,138.558
5,800,600,2.77133,138.561
5,800,700,3.2332,138.562
5,800,800,3.69451,138.584
5,800,900,4.15636,138.583
5,800,1000,4.61847,138.574
5,900,100,0.58403,138.692
5,900,200,1.16835,138.658
5,900,300,1.75351,138.579
5,900,400,2.33778,138.593
5,900,500,2.92219,138.595
5,900,600,3.50618,138.612
5,900,700,4.09072,138.606
5,900,800,4.67564,138.591
5,900,900,5.25855,138.631
5,900,1000,5.84361,138.613
5,1000,100,0.718897,139.102
5,1000,200,1.43768,139.113
5,1000,300,2.1575,139.05
5,1000,400,2.87587,139.088
5,1000,500,3.59607,139.041
5,1000,600,4.31877,138.928
5,1000,700,5.03871,138.924
5,1000,800,5.83175,137.18
5,1000,900,6.65168,135.304
5,1000,1000,7.39294,135.264
6,100,100,0.00944915,105.83
6,100,200,0.018997,105.28
6,100,300,0.0279549,107.316
6,100,400,0.037189,107.559
6,100,500,0.0459383,108.842
6,100,600,0.0546554,109.779
6,100,700,0.0638549,109.624
6,100,800,0.0738903,108.269
6,100,900,0.0824936,109.099
6,100,1000,0.0917093,109.04
6,200,100,0.0332271,120.384
6,200,200,0.0669834,119.433
6,200,300,0.09962,120.458
6,200,400,0.133215,120.107
6,200,500,0.166608,120.042
6,200,600,0.199481,120.312
6,200,700,0.233161,120.089
6,200,800,0.265868,120.361
6,200,900,0.299929,120.028
6,200,1000,0.332739,120.214
6,300,100,0.0717204,125.487
6,300,200,0.142235,126.552
6,300,300,0.21291,126.814
6,300,400,0.283975,126.772
6,300,500,0.354801,126.832
6,300,600,0.426302,126.671
6,300,700,0.498144,126.469
6,300,800,0.567953,126.771
6,300,900,0.621523,130.325
6,300,1000,0.638927,140.861
6,400,100,0.108132,147.968
6,400,200,0.215337,148.605
6,400,300,0.322417,148.876
6,400,400,0.429316,149.074
6,400,500,0.534214,149.753
6,400,600,0.641307,149.694
6,400,700,0.747929,149.747
6,400,800,0.854741,149.753
6,400,900,0.961405,149.781
6,400,1000,1.06654,150.018
6,500,100,0.160538,155.726
6,500,200,0.321918,155.319
6,500,300,0.482959,155.293
6,500,400,0.642972,155.528
6,500,500,0.804904,155.298
6,500,600,0.964814,155.47
6,500,700,1.12603,155.413
6,500,800,1.28763,155.324
6,500,900,1.44958,155.217
6,500,1000,1.60865,155.41
6,600,100,0.225777,159.45
6,600,200,0.451956,159.308
6,600,300,0.677304,159.456
6,600,400,0.902987,159.471
6,600,500,1.13021,159.263
6,600,600,1.35488,159.424
6,600,700,1.58187,159.305
6,600,800,1.80837,159.259
6,600,900,2.03292,159.377
6,600,1000,2.25908,159.357
6,700,100,0.302934,161.751
6,700,200,0.605265,161.913
6,700,300,0.908267,161.847
6,700,400,1.2107,161.89
6,700,500,1.51457,161.762
6,700,600,1.81803,161.713
6,700,700,2.119,161.869
6,700,800,2.42164,161.874
6,700,900,2.72541,161.81
6,700,1000,3.094,158.371
6,800,100,0.385895,165.848
6,800,200,0.771843,165.837
6,800,300,1.15802,165.8
6,800,400,1.54461,165.737
6,800,500,1.6696,191.662
6,800,600,1.99446,192.534
6,800,700,2.32608,192.598
6,800,800,2.67106,191.684
6,800,900,2.98602,192.899
6,800,1000,3.32114,192.705
6,900,100,0.41613,194.651
6,900,200,0.831958,194.721
6,900,300,1.24721,194.835
6,900,400,1.66436,194.67
6,900,500,2.07998,194.713
6,900,600,2.4983,194.533
6,900,700,2.91256,194.674
6,900,800,3.32964,194.616
6,900,900,3.74498,194.661
6,900,1000,4.15828,194.792
6,1000,100,0.509519,196.264
6,1000,200,1.01884,196.302
6,1000,300,1.52689,196.477
6,1000,400,2.03581,196.482
6,1000,500,2.54517,196.45
6,1000,600,3.05501,196.399
6,1000,700,3.5646,196.376
6,1000,800,4.07446,196.345
6,1000,900,4.58338,196.362
6,1000,1000,5.08924,196.493
7,100,100,0.00823996,121.36
7,100,200,0.0164954,121.246
7,100,300,0.0250017,119.992
7,100,400,0.0323579,123.617
7,100,500,0.04028,124.131
7,100,600,0.0487718,123.022
7,100,700,0.0572565,122.257
7,100,800,0.0645114,124.009
7,100,900,0.0725533,124.047
7,100,1000,0.0815405,122.638
7,200,100,0.027475,145.587
7,200,200,0.0546745,146.32
7,200,300,0.082451,145.541
7,200,400,0.110363,144.976
7,200,500,0.13738,145.582
7,200,600,0.164857,145.581
7,200,700,0.193258,144.884
7,200,800,0.224686,142.421
7,200,900,0.253227,142.165
7,200,1000,0.281023,142.337
7,300,100,0.0588458,152.942
7,300,200,0.11781,152.788
7,300,300,0.176344,153.109
7,300,400,0.235962,152.567
7,300,500,0.294124,152.997
7,300,600,0.353539,152.741
7,300,700,0.412675,152.663
7,300,800,0.470735,152.952
7,300,900,0.529611,152.942
7,300,1000,0.589071,152.783
7,400,100,0.100673,158.93
7,400,200,0.201315,158.954
7,400,300,0.301232,159.346
7,400,400,0.376579,169.951
7,400,500,0.460597,173.688
7,400,600,0.554429,173.151
7,400,700,0.721577,155.216
7,400,800,0.819287,156.233
7,400,900,0.930615,154.736
7,400,1000,1.04322,153.371
7,500,100,0.158283,157.945
7,500,200,0.316592,157.932
7,500,300,0.475296,157.796
7,500,400,0.583426,171.401
7,500,500,0.770805,162.168
7,500,600,0.923864,162.362
7,500,700,1.07836,162.283
7,500,800,1.24312,160.886
7,500,900,1.29936,173.163
7,500,1000,1.38655,180.304
7,600,100,0.193095,186.437
7,600,200,0.386622,186.229
7,600,300,0.544026,198.52
7,600,400,0.689871,208.735
7,600,500,0.85962,209.395
7,600,600,1.09825,196.676
7,600,700,1.2633,199.477
7,600,800,1.45269,198.253
7,600,900,1.72218,188.133
7,600,1000,1.90617,188.86
7,700,100,0.25475,192.345
7,700,200,0.50932,192.413
7,700,300,0.764243,192.347
7,700,400,1.01872,192.398
7,700,500,1.27373,192.348
7,700,600,1.5287,192.32
7,700,700,1.7835,192.319
7,700,800,2.04462,191.723
7,700,900,2.42005,182.228
7,700,1000,2.55258,191.962
7,800,100,0.327658,195.325
7,800,200,0.706106,181.276
7,800,300,0.93157,206.104
7,800,400,1.15449,221.742
7,800,500,1.46667,218.181
7,800,600,1.95957,195.961
7,800,700,2.28584,195.989
7,800,800,2.43852,209.963
7,800,900,2.94359,195.679
7,800,1000,3.26892,195.784
7,900,100,0.409557,197.775
7,900,200,0.820497,197.441
7,900,300,1.22962,197.621
7,900,400,1.63941,197.632
7,900,500,2.04872,197.685
7,900,600,2.45844,197.686
7,900,700,2.87156,197.454
7,900,800,3.29761,196.506
7,900,900,3.71055,196.467
7,900,1000,4.12352,196.434
7,1000,100,0.505238,197.927
7,1000,200,1.01029,197.962
7,1000,300,1.51548,197.957
7,1000,400,2.02035,197.986
7,1000,500,2.52511,198.012
7,1000,600,3.03001,198.019
7,1000,700,3.52072,198.823
7,1000,800,4.03936,198.051
7,1000,900,4.54293,198.11
7,1000,1000,5.0465,198.157
8,100,100,0.00770874,129.723
8,100,200,0.0155602,128.533
8,100,300,0.0236172,127.026
8,100,400,0.0309896,129.076
8,100,500,0.038677,129.276
8,100,600,0.0464017,129.306
8,100,700,0.0544315,128.602
8,100,800,0.0617666,129.52
8,100,900,0.0703842,127.87
8,100,1000,0.0780978,128.045
8,200,100,0.0262322,152.485
8,200,200,0.0521652,153.359
8,200,300,0.0785414,152.786
8,200,400,0.104848,152.602
8,200,500,0.130986,152.688
8,200,600,0.157566,152.317
8,200,700,0.182878,153.108
8,200,800,0.209291,152.897
8,200,900,0.235431,152.911
8,200,1000,0.261759,152.813
8,300,100,0.0533861,168.583
8,300,200,0.106909,168.368
8,300,300,0.160093,168.652
8,300,400,0.214036,168.196
8,300,500,0.267606,168.158
8,300,600,0.321169,168.136
8,300,700,0.375341,167.848
8,300,800,0.428963,167.847
8,300,900,0.481808,168.117
8,300,1000,0.53367,168.644
8,400,100,0.0897658,178.242
8,400,200,0.179754,178.021
8,400,300,0.269756,177.938
8,400,400,0.359981,177.787
8,400,500,0.449712,177.892
8,400,600,0.539206,178.04
8,400,700,0.629211,178.001
8,400,800,0.71866,178.109
8,400,900,0.808769,178.048
8,400,1000,0.898897,177.996
8,500,100,0.135134,185.002
8,500,200,0.270753,184.67
8,500,300,0.405992,184.733
8,500,400,0.541377,184.714
8,500,500,0.678123,184.332
8,500,600,0.812023,184.724
8,500,700,0.948193,184.562
8,500,800,1.08306,184.662
8,500,900,1.21835,184.675
8,500,1000,1.35518,184.478
8,600,100,0.189176,190.299
8,600,200,0.379314,189.816
8,600,300,0.566463,190.657
8,600,400,0.755346,190.641
8,600,500,0.94436,190.605
8,600,600,1.13466,190.365
8,600,700,1.32254,190.542
8,600,800,1.51095,190.609
8,600,900,1.70145,190.425
8,600,1000,1.88958,190.518
8,700,100,0.252974,193.696
8,700,200,0.505713,193.786
8,700,300,0.758677,193.758
8,700,400,1.01088,193.89
8,700,500,1.19551,204.934
8,700,600,1.33479,220.259
8,700,700,1.55919,219.985
8,700,800,1.78105,220.095
8,700,900,2.00149,220.336
8,700,1000,2.22489,220.235
8,800,100,0.284996,224.564
8,800,200,0.569486,224.764
8,800,300,0.854807,224.612
8,800,400,1.13959,224.643
8,800,500,1.42407,224.708
8,800,600,1.70891,224.705
8,800,700,1.99442,224.627
8,800,800,2.27894,224.666
8,800,900,2.56393,224.655
8,800,1000,2.84975,224.581
8,900,100,0.356414,227.264
8,900,200,0.712784,227.278
8,900,300,1.0693,227.252
8,900,400,1.42588,227.228
8,900,500,1.78238,227.225
8,900,600,2.13938,227.168
8,900,700,2.49488,227.265
8,900,800,2.85188,227.218
8,900,900,3.20792,227.25
8,900,1000,3.56464,227.232
8,1000,100,0.436092,229.309
8,1000,200,0.872333,229.27
8,1000,300,1.30878,229.221
8,1000,400,1.74527,229.19
8,1000,500,2.18205,229.143
8,1000,600,2.6184,229.148
8,1000,700,3.05509,229.126
8,1000,800,3.49022,229.212
8,1000,900,3.92634,229.221
8,1000,1000,4.24723,235.447
9,100,100,0.00748487,133.603
9,100,200,0.0148862,134.353
9,100,300,0.0221287,135.571
9,100,400,0.0297948,134.252
9,100,500,0.0371804,134.479
9,100,600,0.0445171,134.78
9,100,700,0.0517277,135.324
9,100,800,0.0592058,135.122
9,100,900,0.0670488,134.231
9,100,1000,0.0748372,133.623
9,200,100,0.0238436,167.76
9,200,200,0.0471504,169.67
9,200,300,0.0713101,168.279
9,200,400,0.0944607,169.383
9,200,500,0.118997,168.071
9,200,600,0.142296,168.663
9,200,700,0.165707,168.973
9,200,800,0.188575,169.694
9,200,900,0.212493,169.417
9,200,1000,0.237997,168.069
9,300,100,0.0458872,196.133
9,300,200,0.0921214,195.394
9,300,300,0.148218,182.164
9,300,400,0.194362,185.221
9,300,500,0.242162,185.826
9,300,600,0.291003,185.565
9,300,700,0.34001,185.289
9,300,800,0.387039,186.028
9,300,900,0.435404,186.034
9,300,1000,0.485175,185.5
9,400,100,0.0803678,199.085
9,400,200,0.160486,199.394
9,400,300,0.240812,199.325
9,400,400,0.321524,199.052
9,400,500,0.401319,199.343
9,400,600,0.510059,188.214
9,400,700,0.612609,182.825
9,400,800,0.648134,197.49
9,400,900,0.728314,197.717
9,400,1000,0.811024,197.282
9,500,100,0.120383,207.671
9,500,200,0.240771,207.666
9,500,300,0.361404,207.524
9,500,400,0.481486,207.69
9,500,500,0.601163,207.93
9,500,600,0.722849,207.512
9,500,700,0.845026,207.094
9,500,800,0.964216,207.422
9,500,900,1.08355,207.651
9,500,1000,1.20487,207.49
9,600,100,0.167021,215.541
9,600,200,0.333864,215.656
9,600,300,0.501081,215.534
9,600,400,0.667911,215.598
9,600,500,0.837357,214.962
9,600,600,1.00491,214.944
9,600,700,1.1687,215.624
9,600,800,1.33666,215.462
9,600,900,1.50267,215.617
9,600,1000,1.67111,215.426
9,700,100,0.222446,220.279
9,700,200,0.44576,219.849
9,700,300,0.665391,220.923
9,700,400,0.88697,220.977
9,700,500,1.10959,220.803
9,700,600,1.33087,220.909
9,700,700,1.5524,220.948
9,700,800,1.78032,220.186
9,700,900,2.0061,219.83
9,700,1000,2.21703,221.016
9,800,100,0.285138,224.453
9,800,200,0.569176,224.886
9,800,300,0.854603,224.666
9,800,400,1.25498,203.988
9,800,500,1.64071,195.038
9,800,600,1.82615,210.278
9,800,700,1.99427,224.644
9,800,800,2.27822,224.737
9,800,900,2.56305,224.732
9,800,1000,2.84727,224.776
9,900,100,0.356704,227.079
9,900,200,0.715568,226.394
9,900,300,1.04104,233.419
9,900,400,1.41033,229.733
9,900,500,1.78237,227.226
9,900,600,2.13993,227.11
9,900,700,2.50208,226.611
9,900,800,2.86181,226.43
9,900,900,3.22095,226.331
9,900,1000,3.57903,226.318
9,1000,100,0.43834,228.133
9,1000,200,0.876054,228.296
9,1000,300,1.31405,228.303
9,1000,400,1.75203,228.307
9,1000,500,2.18997,228.314
9,1000,600,2.62869,228.25
9,1000,700,3.06683,228.249
9,1000,800,3.50294,228.379
9,1000,900,3.94345,228.227
9,1000,1000,4.38233,228.189
10,100,100,0.00731405,136.723
10,100,200,0.0146605,136.421
10,100,300,0.0221897,135.198
10,100,400,0.0296904,134.724
10,100,500,0.0365204,136.91
10,100,600,0.0438606,136.797
10,100,700,0.0511533,136.844
10,100,800,0.0586161,136.481
10,100,900,0.0657431,136.896
10,100,1000,0.0729251,137.127
10,200,100,0.0237303,168.561
10,200,200,0.0474965,168.433
10,200,300,0.0708773,169.307
10,200,400,0.0944925,169.326
10,200,500,0.118363,168.971
10,200,600,0.142488,168.435
10,200,700,0.165896,168.78
10,200,800,0.189273,169.068
10,200,900,0.21577,166.845
10,200,1000,0.236385,169.215
10,300,100,0.0474768,189.566
10,300,200,0.0952173,189.041
10,300,300,0.142335,189.694
10,300,400,0.189985,189.489
10,300,500,0.238019,189.061
10,300,600,0.285499,189.143
10,300,700,0.332976,189.203
10,300,800,0.380334,189.307
10,300,900,0.427753,189.362
10,300,1000,0.475972,189.087
10,400,100,0.0792901,201.791
10,400,200,0.158604,201.76
10,400,300,0.237976,201.701
10,400,400,0.317445,201.61
10,400,500,0.397036,201.493
10,400,600,0.475816,201.759
10,400,700,0.555662,201.562
10,400,800,0.634851,201.622
10,400,900,0.713799,201.737
10,400,1000,0.796782,200.808
10,500,100,0.118493,210.983
10,500,200,0.236972,210.995
10,500,300,0.334461,224.241
10,500,400,0.433372,230.749
10,500,500,0.541036,231.038
10,500,600,0.654437,229.204
10,500,700,0.764564,228.889
10,500,800,0.868576,230.262
10,500,900,0.976099,230.509
10,500,1000,1.08289,230.863
10,600,100,0.148889,241.791
10,600,200,0.297809,241.766
10,600,300,0.446923,241.652
10,600,400,0.595893,241.654
10,600,500,0.745575,241.424
10,600,600,0.895224,241.281
10,600,700,1.0439,241.402
10,600,800,1.19321,241.366
10,600,900,1.34193,241.444
10,600,1000,1.47803,243.568
10,700,100,0.181755,269.594
10,700,200,0.390597,250.898
10,700,300,0.595931,246.673
10,700,400,0.794781,246.609
10,700,500,0.993261,246.662
10,700,600,1.19226,246.591
10,700,700,1.39059,246.659
10,700,800,1.58088,247.964
10,700,900,1.77734,248.124
10,700,1000,1.98641,246.676
10,800,100,0.252913,253.051
10,800,200,0.505927,253.001
10,800,300,0.758521,253.124
10,800,400,1.01132,253.135
10,800,500,1.264,253.164
10,800,600,1.51686,253.154
10,800,700,1.77045,253.043
10,800,800,2.02305,253.083
10,800,900,2.27558,253.122
10,800,1000,2.52859,253.106
10,900,100,0.316153,256.205
10,900,200,0.632992,255.927
10,900,300,0.949024,256.053
10,900,400,1.26505,256.116
10,900,500,1.58156,256.076
10,900,600,1.8979,256.072
10,900,700,2.21397,256.101
10,900,800,2.52924,256.203
10,900,900,2.84695,256.064
10,900,1000,3.16254,256.123
10,1000,100,0.386657,258.627
10,1000,200,0.773623,258.524
10,1000,300,1.1609,258.42
10,1000,400,1.54521,258.865
10,1000,500,1.93404,258.527
10,1000,600,2.55629,234.716
10,1000,700,3.04229,230.09
10,1000,800,3.48908,229.287
10,1000,900,3.92537,229.278
10,1000,1000,4.3553,229.606
